1	onnamide_24
1	onnamide_25
1	onnamide_26
1	chlorotonil_7
1	chlorotonil_8
1	chlorotonil_9
1	chlorotonil_10
1	chlorotonil_11
1	chlorotonil_17
1	chlorotonil_18
1	chlorotonil_19
1	chlorotonil_20
1	chlorotonil_21
1	oocydin_a_2_2
1	oocydin_a_2_3
1	oocydin_a_2_4
1	oocydin_a_2_5
1	oocydin_a_2_6
1	disorazole_1
1	disorazole_2
1	disorazole_3
1	disorazole_4
1	disorazole_5
1	disorazole_6
1	thailandamide_8
1	thailandamide_9
1	thailandamide_10
1	thailandamide_11
1	thailandamide_12
1	thailandamide_13
1	thailandamide_14
1	thailandamide_15
1	thailandamide_16
1	thailandamide_17
1	calyculin_9
1	calyculin_10
1	calyculin_11
1	calyculin_12
1	calyculin_13
1	calyculin_14
1	calyculin_15
1	calyculin_24
1	calyculin_25
1	calyculin_26
1	calyculin_27
1	calyculin_28
1	calyculin_29
1	calyculin_30
1	calyculin_31
1	calyculin_32
1	calyculin_33
1	thailanstatin_1
1	thailanstatin_2
1	rhizoxin_8
1	rhizoxin_9
1	rhizoxin_10
1	rhizoxin_11
1	rhizoxin_12
1	rhizoxin_20
1	rhizoxin_21
1	rhizoxin_22
1	rhizoxin_23
1	rhizoxin_24
1	rhizoxin_25
1	rhizoxin_26
1	rhizoxin_27
1	rhizoxin_28
1	mupirocin_1
1	mupirocin_2
1	mupirocin_3
1	mupirocin_4
1	mupirocin_5
1	mupirocin_6
1	mupirocin_7
1	mupirocin_8
1	mupirocin_9
1	mupirocin_10
1	rhizopodins_21
1	rhizopodins_22
1	rhizopodins_23
1	rhizopodins_24
1	rhizopodins_25
1	rhizopodins_29
1	rhizopodins_30
1	rhizopodins_31
1	rhizopodins_32
1	rhizopodins_33
1	FR901464_1
1	FR901464_2
1	bacillaene_6
1	bacillaene_7
1	bacillaene_8
1	bacillaene_9
1	bacillaene_10
1	oocydin_a_2
1	oocydin_a_3
1	oocydin_a_4
1	oocydin_a_5
1	sorangicin_1
1	sorangicin_2
1	sorangicin_3
1	sorangicin_4
1	sorangicin_5
1	sorangicin_6
1	sorangicin_7
1	sorangicin_8
1	sorangicin_9
1	sorangicin_10
1	sorangicin_11
1	sorangicin_12
1	sorangicin_13
1	sorangicin_14
1	sorangicin_15
1	anthracimycin_2_6
1	anthracimycin_2_7
1	anthracimycin_2_8
1	anthracimycin_2_9
1	anthracimycin_2_10
1	anthracimycin_2_11
1	anthracimycin_2_12
1	anthracimycin_2_13
1	anthracimycin_2_14
1	anthracimycin_2_15
1	anthracimycin_2_16
1	9methylstreptimidone_1
1	9methylstreptimidone_2
1	9methylstreptimidone_3
1	9methylstreptimidone_4
1	9methylstreptimidone_5
1	difficidin_1
1	difficidin_2
1	difficidin_3
1	difficidin_4
1	difficidin_5
1	difficidin_6
1	difficidin_7
1	difficidin_8
1	difficidin_9
1	difficidin_10
1	difficidin_11
1	difficidin_12
1	difficidin_13
1	difficidin_14
1	FR901464_2_1
1	FR901464_2_2
1	spliceostatin_1
1	spliceostatin_2
1	kalimantacin_1
1	kalimantacin_2
1	kalimantacin_3
1	kalimantacin_4
1	anthracimycin_6
1	anthracimycin_7
1	anthracimycin_8
1	anthracimycin_9
1	anthracimycin_10
1	anthracimycin_11
1	anthracimycin_12
1	anthracimycin_13
1	anthracimycin_14
1	anthracimycin_15
1	etnangien_1
1	etnangien_2
1	etnangien_3
1	etnangien_4
1	etnangien_5
1	etnangien_13
1	etnangien_14
1	etnangien_15
1	etnangien_16
1	etnangien_17
1	etnangien_18
1	etnangien_19
1	etnangien_20
1	etnangien_21
1	etnangien_22
1	elansolid_1
1	elansolid_2
1	elansolid_3
1	elansolid_4
1	elansolid_5
1	elansolid_6
1	elansolid_7
1	elansolid_8
1	elansolid_9
1	elansolid_10
1	elansolid_11
1	elansolid_12
1	elansolid_13
1	elansolid_14
1	elansolid_15
1	elansolid_16
1	elansolid_17
1	chivosazol_1
1	chivosazol_2
1	chivosazol_3
1	chivosazol_4
1	chivosazol_5
1	chivosazol_6
1	chivosazol_7
1	chivosazol_8
1	chivosazol_9
1	chivosazol_10
1	chivosazol_11
1	chivosazol_12
1	chivosazol_13
1	chivosazol_14
1	chivosazol_15
1	chivosazol_16
1	chivosazol_17
1	chivosazol_18
1	chivosazol_19
1	chivosazol_20
1	chivosazol_21
1	chivosazol_22
1	kirromycin_6
1	kirromycin_7
1	kirromycin_8
1	kirromycin_9
1	kirromycin_10
1	kirromycin_11
1	oxazolomycin_14
1	oxazolomycin_15
1	oxazolomycin_16
1	oxazolomycin_17
1	oxazolomycin_18
1	oxazolomycin_19
1	oxazolomycin_27
1	oxazolomycin_28
1	oxazolomycin_29
1	oxazolomycin_30
1	pederin_13
1	pederin_14
1	pederin_15
1	myxovirescin_8
1	myxovirescin_9
1	myxovirescin_10
1	myxovirescin_11
1	myxovirescin_12
1	myxovirescin_13
1	myxovirescin_14
1	myxovirescin_15
1	myxovirescin_16
1	myxovirescin_17
1	myxovirescin_18
1	malleilactone_1
1	malleilactone_2
1	malleilactone_3
1	phormidolide_6
1	phormidolide_7
1	phormidolide_8
1	phormidolide_9
1	phormidolide_10
1	phormidolide_11
1	phormidolide_12
1	basiliskamides_6
1	basiliskamides_7
1	basiliskamides_8
1	basiliskamides_9
2	mycinamicin_3
2	mycinamicin_4
2	mycinamicin_5
2	mycinamicin_6
2	mycinamicin_7
2	mycinamicin_8
2	mycinamicin_9
2	ravidomycin_10
2	ravidomycin_11
2	ravidomycin_12
2	ravidomycin_13
2	ravidomycin_14
2	ravidomycin_15
2	calicheamicin_12
2	calicheamicin_13
2	calicheamicin_14
2	spinosad_1
2	spinosad_2
2	spinosad_3
2	spinosad_4
2	spinosad_5
2	spinosad_6
2	spinosad_7
2	stambomycin_1
2	stambomycin_2
2	stambomycin_3
2	stambomycin_4
2	stambomycin_5
2	stambomycin_6
2	stambomycin_7
2	erythromycin_1
2	erythromycin_2
2	erythromycin_3
2	erythromycin_4
2	erythromycin_5
2	erythromycin_6
2	erythromycin_7
2	megalomicin_1
2	megalomicin_2
2	megalomicin_3
2	megalomicin_4
2	megalomicin_5
2	megalomicin_6
2	megalomicin_7
2	arimetamycin_21
2	arimetamycin_22
2	arimetamycin_23
2	arimetamycin_24
2	arimetamycin_25
2	arimetamycin_26
2	arimetamycin_27
2	medermycin_1
2	medermycin_2
2	medermycin_3
2	medermycin_4
2	medermycin_5
2	medermycin_6
2	medermycin_7
2	nogalamycin_8
2	nogalamycin_10
2	nogalamycin_11
2	nogalamycin_12
2	nogalamycin_13
2	nogalamycin_14
2	aclacinomycin_3_1
2	aclacinomycin_3_2
2	aclacinomycin_3_3
2	aclacinomycin_3_4
2	aclacinomycin_3_5
2	aclacinomycin_3_6
2	aclacinomycin_3_7
2	erythromycin_2_9
2	erythromycin_2_10
2	erythromycin_2_11
2	erythromycin_2_12
2	erythromycin_2_13
2	erythromycin_2_14
2	erythromycin_2_15
2	aclacinomycin_8
2	aclacinomycin_9
2	aclacinomycin_10
2	aclacinomycin_11
2	aclacinomycin_12
2	aclacinomycin_13
2	aclacinomycin_14
2	desosamine_2_1
2	desosamine_2_2
2	desosamine_2_3
2	desosamine_2_4
2	desosamine_2_5
2	desosamine_2_6
2	desosamine_2_7
2	lidamycin_1
2	lidamycin_2
2	lidamycin_3
2	lidamycin_4
2	lidamycin_5
2	lidamycin_6
2	lidamycin_7
2	cinerubin_1
2	cinerubin_2
2	cinerubin_3
2	cinerubin_4
2	cinerubin_16
2	cinerubin_17
2	cinerubin_19
2	AT2433_1
2	AT2433_2
2	AT2433_3
2	AT2433_4
2	AT2433_5
2	AT2433_6
2	AT2433_7
2	desosamine_1
2	desosamine_2
2	desosamine_3
2	desosamine_4
2	desosamine_5
2	desosamine_6
2	desosamine_7
2	rhodomycin_7
2	rhodomycin_8
2	rhodomycin_9
2	rhodomycin_10
2	rhodomycin_11
2	rhodomycin_12
2	rhodomycin_13
2	cosmomycin_d_16
2	cosmomycin_d_17
2	cosmomycin_d_18
2	cosmomycin_d_19
2	cosmomycin_d_22
2	cosmomycin_d_23
2	cosmomycin_d_24
2	cosmomycin_d_25
2	cosmomycin_d_26
3	curacin_3_6
3	curacin_3_7
3	curacin_3_8
3	curacin_3_9
3	curacin_3_10
3	curacin_2_1
3	curacin_2_2
3	curacin_2_3
3	curacin_2_4
3	curacin_2_5
3	microcystin_1
3	microcystin_2
3	microcystin_3
3	microcystin_4
3	microcystin_5
3	microcystin_13
3	microcystin_14
3	microcystin_15
3	microcystin_16
3	microcystin_17
3	microcystin_18
3	microcystin_19
3	microcystin_20
3	microcystin_21
3	microcystin_22
3	microcystin_23
3	microcystin_24
3	microcystin_25
3	cryptophycin_1
3	cryptophycin_2
3	cryptophycin_3
3	cryptophycin_4
3	puwainaphycins_8
3	puwainaphycins_9
3	puwainaphycins_10
3	puwainaphycins_11
3	puwainaphycins_12
3	puwainaphycins_13
3	puwainaphycins_14
3	enacyloxin_1
3	enacyloxin_2
3	enacyloxin_3
3	enacyloxin_4
3	enacyloxin_5
3	leupyrrin_1
3	leupyrrin_2
3	leupyrrin_3
3	leupyrrin_4
3	leupyrrin_5
3	leupyrrin_6
3	leupyrrin_7
3	leupyrrin_8
3	leupyrrin_9
3	leupyrrin_10
3	leupyrrin_11
3	leupyrrin_12
3	anatoxin_1
3	anatoxin_2
3	anatoxin_3
3	anatoxin_4
3	anatoxin_5
3	anatoxin_6
3	gephyronic_acid_41
3	gephyronic_acid_42
3	gephyronic_acid_43
3	gephyronic_acid_44
3	gephyronic_acid_45
3	gephyronic_acid_46
3	microcystin_2_7
3	microcystin_2_8
3	microcystin_2_9
3	microcystin_2_10
3	microcystin_2_11
3	microcystin_2_12
3	microcystin_2_13
3	microcystin_2_14
3	microcystin_2_15
3	microcystin_2_16
3	microcystin_2_17
3	microcystin_2_18
3	microcystin_2_19
3	microcystin_2_20
3	microcystin_2_21
3	microcystin_2_22
3	microcystin_2_23
3	microcystin_3_1
3	microcystin_3_2
3	microcystin_3_3
3	microcystin_3_4
3	microcystin_3_5
3	microcystin_3_6
3	microcystin_3_7
3	microcystin_3_8
3	microcystin_3_9
3	microcystin_3_10
3	microcystin_3_11
3	microcystin_3_12
3	microcystin_3_13
3	microcystin_3_14
3	microcystin_3_15
3	microcystin_3_16
3	microcystin_3_17
3	microcystin_3_18
3	cylindrospermopsin_1
3	cylindrospermopsin_2
3	cylindrospermopsin_3
3	cylindrospermopsin_4
3	cylindrospermopsin_5
3	cylindrospermopsin_6
3	cylindrospermopsin_4_1
3	cylindrospermopsin_4_2
3	cylindrospermopsin_4_3
3	cylindrospermopsin_4_4
3	cylindrospermopsin_4_5
3	cylindrospermopsin_4_6
4	myxochromide_s_3_1
4	myxochromide_s_3_2
4	myxochromide_s_3_3
4	myxochromide_s_3_4
4	myxochromide_s_3_5
4	myxochromide_s_2_1
4	myxochromide_s_2_2
4	myxochromide_s_2_3
4	myxochromide_s_2_4
4	myxochromide_s_2_5
4	myxochromide_s_2_6
4	myxochromide_d_4_1
4	myxochromide_d_4_2
4	myxochromide_d_4_3
4	myxochromide_d_4_4
4	myxochromide_d_4_5
4	myxochromide_d_4_6
4	myxochromide_d_5_1
4	myxochromide_d_5_2
4	myxochromide_d_5_3
4	myxochromide_d_5_4
4	myxochromide_d_2_1
4	myxochromide_d_2_2
4	myxochromide_d_2_3
4	myxochromide_d_2_4
4	myxochromide_d_2_5
4	myxochromide_d_3_1
4	myxochromide_d_3_2
4	myxochromide_d_3_3
4	myxochromide_d_3_4
4	myxochromide_1
4	myxochromide_2
4	myxochromide_3
4	myxochromide_4
4	myxochromide_5
4	myxochromide_c_2_1
4	myxochromide_c_2_2
4	myxochromide_c_2_3
4	myxochromide_c_2_4
4	myxochromide_c_2_5
4	myxochromide_c_2_6
4	myxochromide_c_2_7
4	myxochromide_a_3_1
4	myxochromide_a_3_2
4	myxochromide_a_3_3
4	myxochromide_a_3_4
4	myxochromide_a_3_5
4	myxochromide_a_3_6
4	myxochromide_a_3_7
4	myxochromide_a_2_1
4	myxochromide_a_2_2
4	myxochromide_a_2_3
4	myxochromide_a_2_4
4	myxochromide_a_2_5
4	myxochromide_a_2_6
4	myxochromide_a_2_7
4	myxochromide_a_4_1
4	myxochromide_a_4_2
4	myxochromide_a_4_3
4	myxochromide_a_4_4
4	myxochromide_a_4_5
4	myxochromide_s_1
4	myxochromide_s_2
4	myxochromide_s_3
4	myxochromide_s_4
4	myxochromide_s_5
4	myxochromide_d_1
4	myxochromide_d_2
4	myxochromide_d_3
4	myxochromide_d_4
4	myxochromide_a_1
4	myxochromide_a_2
4	myxochromide_a_3
4	myxochromide_a_4
4	myxochromide_a_5
4	myxochromide_a_6
4	myxochromide_a_7
4	myxochromide_c_1
4	myxochromide_c_2
4	myxochromide_c_3
4	myxochromide_c_4
4	myxochromide_c_5
4	myxochromide_c_6
4	myxochromide_c_7
4	myxochromide_b_1
4	myxochromide_b_2
4	myxochromide_b_3
4	myxochromide_b_4
4	myxochromide_b_5
4	myxochromide_b_6
4	myxochromide_b_7
5	arylomycin_1
5	arylomycin_2
5	arylomycin_3
5	arylomycin_4
5	arylomycin_5
5	arylomycin_6
5	arylomycin_7
5	arylomycin_8
5	arylomycin_9
5	jawsamycin_1
5	jawsamycin_2
5	jawsamycin_3
5	jawsamycin_4
5	jawsamycin_5
5	epoxomicin_1
5	epoxomicin_2
5	epoxomicin_3
5	epoxomicin_4
5	epoxomicin_5
5	albachelin_1
5	albachelin_2
5	albachelin_3
5	quinomycin_1
5	quinomycin_2
5	quinomycin_3
5	quinomycin_4
5	quinomycin_5
5	scabichelin_1
5	scabichelin_2
5	scabichelin_3
5	scabichelin_4
5	triostin_a_1
5	triostin_a_2
5	triostin_a_3
5	triostin_a_4
5	triostin_a_5
5	SW_163_15
5	SW_163_16
5	SW_163_17
5	SW_163_18
5	SW_163_19
5	thiocoraline_10
5	thiocoraline_11
5	thiocoraline_12
5	thiocoraline_13
5	actinomycin_6
5	actinomycin_7
5	actinomycin_8
5	actinomycin_9
5	actinomycin_10
5	actinomycin_11
5	actinomycin_12
5	actinomycin_13
5	actinomycin_14
5	actinomycin_15
5	actinomycin_16
5	actinomycin_17
5	teleocidin_b_1
5	teleocidin_b_2
5	teleocidin_b_3
5	teleocidin_b_4
5	teleocidin_b_5
5	echinomycin_7
5	echinomycin_8
5	echinomycin_9
5	echinomycin_10
5	echinomycin_11
5	echinomycin_12
5	griselimycin_1
5	griselimycin_2
5	griselimycin_3
5	griselimycin_4
5	griselimycin_5
5	griselimycin_6
5	griselimycin_7
5	griselimycin_8
5	griselimycin_9
5	griselimycin_10
5	griselimycin_11
5	griselimycin_12
5	griselimycin_13
5	griselimycin_14
5	griselimycin_15
5	griselimycin_16
6	daunorubicin_1
6	daunorubicin_2
6	daunorubicin_3
6	daunorubicin_4
6	daunorubicin_5
6	daunorubicin_6
6	daunorubicin_7
6	pristinamycin_7
6	pristinamycin_8
6	pristinamycin_9
6	pristinamycin_10
6	pristinamycin_11
6	chartreusin_2_1
6	chartreusin_2_2
6	chartreusin_2_3
6	chartreusin_2_4
6	chartreusin_2_5
6	nogalamycin_1
6	nogalamycin_3
6	nogalamycin_4
6	nogalamycin_5
6	nogalamycin_6
6	nogalamycin_7
6	aclacinomycin_2_1
6	aclacinomycin_2_2
6	aclacinomycin_2_3
6	aclacinomycin_2_4
6	aclacinomycin_2_5
6	aclacinomycin_2_6
6	aclacinomycin_2_7
6	aclacinomycin_1
6	aclacinomycin_2
6	aclacinomycin_3
6	aclacinomycin_4
6	aclacinomycin_5
6	aclacinomycin_6
6	aclacinomycin_7
6	doxorubicin_1
6	doxorubicin_2
6	doxorubicin_3
6	doxorubicin_4
6	doxorubicin_5
6	doxorubicin_6
6	doxorubicin_7
6	cinerubin_8
6	cinerubin_10
6	cinerubin_11
6	cinerubin_12
6	cosmomycin_d_1
6	cosmomycin_d_2
6	cosmomycin_d_3
6	cosmomycin_d_4
7	vancomycin_1
7	vancomycin_2
7	vancomycin_3
7	vancomycin_4
7	vancomycin_5
7	chromomycin_11
7	chromomycin_12
7	apoptolidin_1
7	maduropeptin_1
7	maduropeptin_2
7	maduropeptin_3
7	maduropeptin_4
7	maduropeptin_5
7	maduropeptin_6
7	maduropeptin_7
7	kijanimicin_2
7	kijanimicin_3
7	kijanimicin_4
7	kijanimicin_5
7	kijanimicin_6
7	rubradirin_15
7	rubradirin_16
7	rubradirin_17
7	rubradirin_18
7	chrysomycin_10
7	chrysomycin_11
7	chrysomycin_12
7	chrysomycin_13
7	balhimycin_1
7	balhimycin_2
7	balhimycin_3
7	balhimycin_4
7	balhimycin_5
7	arimetamycin_6
7	arimetamycin_7
7	arimetamycin_8
7	arimetamycin_9
7	arimetamycin_10
7	arimetamycin_18
7	lobophorin_9
7	lobophorin_10
7	lobophorin_11
7	lobophorin_12
7	lobophorin_13
7	aculeximycin_1
7	aculeximycin_2
7	aculeximycin_3
7	aculeximycin_4
7	aculeximycin_5
7	dactylocycline_6
7	dactylocycline_7
8	cyanopeptin_2
8	cyanopeptin_3
8	cyanopeptin_4
8	cyanopeptin_5
8	cyanopeptin_6
8	cyanopeptin_7
8	cyanopeptin_8
8	micropeptin_k139_1
8	micropeptin_k139_2
8	micropeptin_k139_3
8	micropeptin_k139_5
8	micropeptin_k139_6
8	micropeptin_k139_7
8	microcystin_26
8	microcystin_27
8	microcystin_28
8	microcystin_29
8	microcystin_30
8	microcystin_31
8	microcystin_32
8	puwainaphycins_1
8	puwainaphycins_2
8	puwainaphycins_3
8	puwainaphycins_4
8	puwainaphycins_5
8	puwainaphycins_6
8	nodularin_1
8	nodularin_2
8	nodularin_3
8	nodularin_4
8	nodularin_5
8	nodularin_6
8	nodularin_7
8	microcystin_2_24
8	microcystin_2_25
8	microcystin_2_26
8	microcystin_2_27
8	microcystin_2_28
8	microcystin_2_29
8	microcystin_2_30
8	microcystin_3_19
8	microcystin_3_20
8	microcystin_3_21
8	microcystin_3_22
8	microcystin_3_23
8	microcystin_3_24
8	microcystin_3_25
9	quinomycin_6
9	quinomycin_7
9	quinomycin_8
9	quinomycin_9
9	quinomycin_10
9	quinomycin_11
9	triostin_a_6
9	triostin_a_7
9	triostin_a_8
9	triostin_a_9
9	triostin_a_10
9	SW_163_8
9	SW_163_9
9	SW_163_10
9	SW_163_11
9	SW_163_12
9	SW_163_13
9	SW_163_14
9	thiocoraline_5
9	thiocoraline_6
9	thiocoraline_7
9	thiocoraline_8
9	thiocoraline_9
9	retimycin_4
9	retimycin_5
9	retimycin_6
9	retimycin_7
9	retimycin_8
9	retimycin_9
9	retimycin_10
9	echinomycin_1
9	echinomycin_2
9	echinomycin_3
9	echinomycin_4
9	echinomycin_5
9	echinomycin_6
10	tetronomycin_1
10	tetronomycin_2
10	tetronomycin_3
10	tetronomycin_4
10	tetronomycin_5
10	tetronomycin_6
10	tetronomycin_7
10	erythromycin_8
10	erythromycin_9
10	erythromycin_10
10	erythromycin_11
10	erythromycin_12
10	erythromycin_13
10	erythromycin_14
10	tetronasin_1
10	tetronasin_2
10	tetronasin_3
10	tetronasin_4
10	tetronasin_5
10	tetronasin_6
10	tetronasin_7
10	erythromycin_2_2
10	erythromycin_2_3
10	erythromycin_2_4
10	erythromycin_2_5
10	erythromycin_2_6
10	erythromycin_2_7
10	erythromycin_2_8
11	mitomycin_8
11	mitomycin_9
11	mitomycin_10
11	mitomycin_11
11	mitomycin_12
11	mitomycin_13
11	mitomycin_14
11	staurosporine_3_1
11	staurosporine_3_2
11	staurosporine_3_3
11	staurosporine_3_4
11	staurosporine_3_5
11	staurosporine_3_6
11	staurosporine_3_7
11	staurosporine_2_1
11	staurosporine_2_2
11	staurosporine_2_3
11	staurosporine_2_4
11	staurosporine_2_5
11	staurosporine_2_6
11	staurosporine_2_7
11	staurosporine_8
11	staurosporine_9
11	staurosporine_10
11	staurosporine_11
11	staurosporine_12
11	staurosporine_13
11	staurosporine_14
12	melithiazol_1
12	melithiazol_2
12	melithiazol_3
12	melithiazol_4
12	melithiazol_5
12	melithiazol_6
12	crocacin_1
12	crocacin_2
12	crocacin_3
12	crocacin_4
12	crocacin_5
12	crocacin_6
12	crocacin_7
12	crocacin_8
12	crocacin_9
12	crocacin_10
12	crocacin_11
12	melithiazol_2_1
12	melithiazol_2_2
12	melithiazol_2_3
12	melithiazol_2_4
12	melithiazol_2_5
12	melithiazol_2_6
12	myxothiazol_1
12	myxothiazol_2
12	myxothiazol_3
12	myxothiazol_4
12	myxothiazol_5
13	mycinamicin_1
13	chromomycin_1
13	spinosad_16
13	apoptolidin_16
13	chalcomycin_1
13	chalcomycin_2
13	kijanimicin_1
13	dihyrdochalcomycin_1
13	dihyrdochalcomycin_2
13	glycopeptidolipid_3_3
13	glycopeptidolipid_2_4
13	caprazamycin_15
13	lobophorin_1
13	nogalamycin_2_9
13	A_90289_13
13	clorobiocin_1
13	glycopeptidolipid_1_3
13	novobiocin_9
13	coumermycin_9
13	aldgamycin_3
13	aldgamycin_4
13	elloramycin_13
14	prodigiosin_1
14	prodigiosin_2
14	prodigiosin_3
14	prodigiosin_4
14	prodigiosin_5
14	prodigiosin_6
14	prodigiosin_7
14	prodigiosin_8
14	undecylprodigiosin_1
14	undecylprodigiosin_2
14	undecylprodigiosin_3
14	undecylprodigiosin_4
14	undecylprodigiosin_5
14	undecylprodigiosin_6
14	undecylprodigiosin_7
14	marineosin_1
14	marineosin_2
14	marineosin_3
14	marineosin_4
14	marineosin_5
14	marineosin_6
14	marineosin_7
15	sibiromycin_5
15	sibiromycin_6
15	sibiromycin_7
15	clorobiocin_2
15	clorobiocin_3
15	clorobiocin_4
15	mithramycin_2_1
15	mithramycin_2_2
15	mithramycin_2_3
15	mithramycin_2_4
15	novobiocin_10
15	novobiocin_11
15	novobiocin_12
15	lidamycin_8
15	coumermycin_10
15	coumermycin_11
15	coumermycin_12
15	coumermycin_13
15	mithramycin_1
15	mithramycin_2
15	mithramycin_3
15	mithramycin_4
16	melithiazol_7
16	melithiazol_8
16	melithiazol_9
16	melithiazol_10
16	melithiazol_11
16	melithiazol_12
16	melithiazol_13
16	melithiazol_2_7
16	melithiazol_2_8
16	melithiazol_2_9
16	melithiazol_2_10
16	melithiazol_2_11
16	melithiazol_2_12
16	melithiazol_2_13
16	myxothiazol_6
16	myxothiazol_7
16	myxothiazol_8
16	myxothiazol_9
16	myxothiazol_10
16	myxothiazol_11
16	myxothiazol_12
17	onnamide_6
17	onnamide_7
17	onnamide_8
17	onnamide_9
17	onnamide_10
17	onnamide_11
17	onnamide_12
17	onnamide_13
17	onnamide_14
17	onnamide_15
17	onnamide_16
17	onnamide_17
17	onnamide_18
17	onnamide_19
17	pederin_1
17	pederin_2
17	pederin_3
17	pederin_4
17	pederin_5
17	pederin_6
17	pederin_7
18	chromomycin_2
18	chromomycin_3
18	chromomycin_4
18	chromomycin_5
18	chromomycin_6
18	chromomycin_7
18	chromomycin_8
18	chelocardin_1
18	chelocardin_2
18	chelocardin_3
18	chelocardin_4
18	chelocardin_5
18	chelocardin_6
18	chelocardin_7
18	mithramycin_5
18	mithramycin_6
18	mithramycin_7
18	mithramycin_8
18	mithramycin_9
18	mithramycin_10
18	mithramycin_11
19	glycopeptidolipid_3_5
19	glycopeptidolipid_3_6
19	glycopeptidolipid_3_7
19	glycopeptidolipid_3_8
19	glycopeptidolipid_3_9
19	glycopeptidolipid_3_10
19	glycopeptidolipid_3_11
19	glycopeptidolipid_2_6
19	glycopeptidolipid_2_7
19	glycopeptidolipid_2_8
19	glycopeptidolipid_2_9
19	glycopeptidolipid_2_10
19	glycopeptidolipid_2_11
19	glycopeptidolipid_2_12
19	glycopeptidolipid_1_5
19	glycopeptidolipid_1_6
19	glycopeptidolipid_1_7
19	glycopeptidolipid_1_8
19	glycopeptidolipid_1_9
19	glycopeptidolipid_1_10
19	glycopeptidolipid_1_11
20	microcystin_6
20	microcystin_7
20	microcystin_8
20	microcystin_9
20	microcystin_10
20	microcystin_11
20	microcystin_12
20	microcystin_2_1
20	microcystin_2_2
20	microcystin_2_3
20	microcystin_2_4
20	microcystin_2_5
20	microcystin_2_6
20	microcystin_3_26
20	microcystin_3_27
20	microcystin_3_28
20	microcystin_3_29
20	microcystin_3_30
20	microcystin_3_31
21	chortetracycline_1
21	chortetracycline_2
21	lactomycin_z_1
21	lactomycin_z_2
21	chromomycin_9
21	chromomycin_10
21	pradimicin_1
21	oxytetracycline_1
21	oxytetracycline_2
21	dactylocycline_1
21	dactylocycline_2
21	mithramycin_12
21	mithramycin_13
21	griseorhondin_1
21	griseorhondin_2
21	tetracenomycin_2
21	tetracenomycin_3
21	tetracenomycin_4
21	tetracenomycin_5
22	isorenieratene_2_1
22	isorenieratene_2_2
22	isorenieratene_2_3
22	isorenieratene_2_4
22	isorenieratene_2_5
22	isorenieratene_2_6
22	isorenieratene_2_7
22	isorenieratene_1
22	isorenieratene_4
22	carotenoid_2_1
22	carotenoid_2_2
22	carotenoid_2_3
22	carotenoid_2_4
22	carotenoid_2_5
22	carotenoid_2_6
22	carotenoid_2_7
22	carotenoid_16_1
22	carotenoid_16_2
23	rebeccamycin_1
23	rebeccamycin_2
23	rebeccamycin_3
23	rebeccamycin_4
23	rebeccamycin_6
23	rebeccamycin_7
23	rebeccamycin_2_1
23	rebeccamycin_2_2
23	rebeccamycin_2_3
23	rebeccamycin_2_4
23	rebeccamycin_2_6
23	rebeccamycin_2_7
23	rebeccamycin_3_1
23	rebeccamycin_3_2
23	rebeccamycin_3_3
23	rebeccamycin_3_4
23	rebeccamycin_3_6
23	rebeccamycin_3_7
24	distamycin_1
24	distamycin_2
24	distamycin_3
24	distamycin_4
24	distamycin_5
24	distamycin_6
24	distamycin_7
24	congocidine_1
24	congocidine_2
24	congocidine_3
24	congocidine_4
24	congocidine_5
24	congocidine_6
24	congocidine_7
24	congocidine_8
25	onnamide_20
25	onnamide_21
25	onnamide_22
25	onnamide_23
25	diaphorin_5
25	diaphorin_6
25	diaphorin_7
25	diaphorin_8
25	diaphorin_9
25	diaphorin_10
25	pederin_8
25	pederin_9
25	pederin_10
25	pederin_11
25	pederin_12
26	novobiocin_1
26	novobiocin_3
26	novobiocin_4
26	novobiocin_5
26	novobiocin_6
26	novobiocin_7
26	novobiocin_8
26	coumermycin_1
26	coumermycin_2
26	coumermycin_3
26	coumermycin_4
26	coumermycin_5
26	coumermycin_6
26	coumermycin_7
26	coumermycin_8
27	rapamycin_8
27	rapamycin_9
27	rapamycin_10
27	rapamycin_11
27	rapamycin_12
27	rapamycin_13
27	rapamycin_14
27	kirromycin_12
27	kirromycin_13
27	kirromycin_14
27	kirromycin_15
27	kirromycin_16
27	kirromycin_17
27	kirromycin_18
27	kirromycin_19
28	aeruginosamide_1
28	aeruginosamide_2
28	aeruginosamide_3
28	aeruginosamide_4
28	aeruginosamide_5
28	aeruginosamide_6
28	aeruginosamide_7
28	viridisamide_1
28	viridisamide_2
28	viridisamide_3
28	viridisamide_4
28	viridisamide_5
28	viridisamide_6
28	viridisamide_7
29	BE_43547A1_1
29	BE_43547A1_2
29	BE_43547A1_3
29	BE_43547A1_4
29	BE_43547A1_5
29	BE_43547A1_6
29	BE_43547A1_7
29	BE_43547A1_2_1
29	BE_43547A1_2_2
29	BE_43547A1_2_3
29	BE_43547A1_2_4
29	BE_43547A1_2_5
29	BE_43547A1_2_6
29	BE_43547A1_2_7
30	vancomycin_6
30	vancomycin_7
30	vancomycin_8
30	vancomycin_9
30	vancomycin_10
30	vancomycin_11
30	vancomycin_12
30	A40926_1
30	A40926_2
30	A40926_3
30	A40926_4
30	balhimycin_6
30	balhimycin_8
30	balhimycin_9
31	paenilamicin_1
31	paenilamicin_2
31	paenilamicin_3
31	paenilamicin_4
31	paenilamicin_5
31	paenilamicin_6
31	paenilamicin_7
31	paenilamicin_8
31	paenilamicin_9
31	paenilamicin_10
31	paenilamicin_11
31	paenilamicin_12
31	paenilamicin_13
31	paenilamicin_14
32	nemadectin_1
32	nemadectin_2
32	nemadectin_3
32	nemadectin_4
32	nemadectin_5
32	nemadectin_6
32	nemadectin_7
32	meilingmycin_8
32	meilingmycin_9
32	meilingmycin_10
32	meilingmycin_11
32	meilingmycin_12
32	meilingmycin_13
32	meilingmycin_14
33	mycolic_acid_1
33	mycolic_acid_2
33	mycolic_acid_3
33	mycolic_acid_4
33	mycolic_acid_5
33	mycolic_acid_6
33	mycolic_acid_7
33	mycolic_acid_8
33	mycolic_acid_9
33	mycolic_acid_16
33	mycolic_acid_17
33	mycolic_acid_18
33	mycolic_acid_19
33	mycolic_acid_20
34	argimycin_1
34	argimycin_2
34	argimycin_3
34	argimycin_4
34	argimycin_5
34	argimycin_6
34	argimycin_7
34	meilingmycin_1
34	meilingmycin_2
34	meilingmycin_3
34	meilingmycin_4
34	meilingmycin_5
34	meilingmycin_6
34	meilingmycin_7
35	tubulysin_8
35	tubulysin_9
35	tubulysin_10
35	tubulysin_11
35	tubulysin_12
35	tubulysin_13
35	tubulysin_14
35	tubulysin_2_8
35	tubulysin_2_9
35	tubulysin_2_10
35	tubulysin_2_11
35	tubulysin_2_12
35	tubulysin_2_13
35	tubulysin_2_14
36	microsclerodermins_2_5
36	microsclerodermins_2_6
36	microsclerodermins_2_7
36	microsclerodermins_2_8
36	microsclerodermins_2_9
36	microsclerodermins_2_10
36	microsclerodermins_2_11
36	microsclerodermins_1
36	microsclerodermins_2
36	microsclerodermins_3
36	microsclerodermins_4
36	microsclerodermins_5
36	microsclerodermins_6
36	microsclerodermins_7
37	tubulysin_1
37	tubulysin_2
37	tubulysin_3
37	tubulysin_4
37	tubulysin_5
37	tubulysin_6
37	tubulysin_7
37	tubulysin_2_1
37	tubulysin_2_2
37	tubulysin_2_3
37	tubulysin_2_4
37	tubulysin_2_5
37	tubulysin_2_6
37	tubulysin_2_7
38	APE_ec_1
38	APE_ec_2
38	APE_ec_3
38	APE_ec_4
38	APE_vf_1
38	APE_vf_2
38	APE_vf_3
38	flexirubin_1
38	flexirubin_2
38	flexirubin_3
38	flexirubin_4
38	flexirubin_5
38	flexirubin_6
39	bryostatin_2_6
39	bryostatin_2_7
39	bryostatin_2_8
39	bryostatin_2_9
39	bryostatin_2_10
39	bryostatin_2_11
39	bryostatin_2_20
39	bryostatin_2_21
39	bryostatin_2_22
39	bryostatin_2_23
39	bryostatin_2_24
39	bryostatin_2_25
39	bryostatin_2_26
40	cystobactamide_1
40	cystobactamide_2
40	cystobactamide_3
40	cystobactamide_4
40	cystobactamide_5
40	cystobactamide_6
40	cystobactamide_7
40	albicidin_12
40	albicidin_13
40	albicidin_7
40	albicidin_8
40	albicidin_9
40	albicidin_11
41	quinomycin_12
41	quinomycin_14
41	quinomycin_15
41	quinomycin_16
41	quinomycin_17
41	quinomycin_18
41	triostin_a_11
41	triostin_a_12
41	triostin_a_13
41	triostin_a_14
41	triostin_a_15
41	triostin_a_16
41	triostin_a_17
42	cladoniamide_1
42	cladoniamide_2
42	cladoniamide_3
42	cladoniamide_4
42	cladoniamide_5
42	cladoniamide_6
42	cladoniamide_7
42	BE_54017_8
42	BE_54017_9
42	BE_54017_10
42	BE_54017_11
42	BE_54017_13
42	BE_54017_14
43	cystargolide_1
43	cystargolide_2
43	cystargolide_3
43	cystargolide_4
43	cystargolide_5
43	belactosin_1
43	belactosin_2
43	belactosin_3
43	belactosin_4
43	belactosin_5
43	belactosin_6
43	belactosin_7
44	tautomycin_1
44	tautomycin_2
44	tautomycin_3
44	geldanamycin_2_1
44	geldanamycin_2_2
44	geldanamycin_2_3
44	herbimycin_1
44	herbimycin_2
44	herbimycin_3
44	geldanamycin_1
44	geldanamycin_2
44	geldanamycin_3
45	polyketomycin_2
45	polyketomycin_3
45	polyketomycin_4
45	polyketomycin_5
45	polyketomycin_6
45	polyketomycin_7
45	maduropeptin_8
45	maduropeptin_9
45	maduropeptin_10
45	maduropeptin_11
45	maduropeptin_12
46	eponemycin_1
46	eponemycin_2
46	eponemycin_3
46	eponemycin_4
46	eponemycin_5
46	epoxomicin_6
46	epoxomicin_7
46	epoxomicin_8
46	epoxomicin_9
46	epoxomicin_10
46	epoxomicin_11
47	liposidomycin_1
47	liposidomycin_4
47	liposidomycin_6
47	liposidomycin_7
47	caprazamycin_1
47	caprazamycin_4
47	caprazamycin_6
47	caprazamycin_7
47	A_90289_1
47	A_90289_6
47	A_90289_7
48	anabaenopeptin_1
48	anabaenopeptin_2
48	anabaenopeptin_4
48	anabaenopeptin_6
48	anabaenopeptin_7
48	anabaenopeptin_2_1
48	anabaenopeptin_2_2
48	anabaenopeptin_2_4
48	anabaenopeptin_2_5
48	anabaenopeptin_2_6
48	anabaenopeptin_2_7
49	aureothin_1
49	aureothin_2
49	aureothin_3
49	aureothin_4
49	aureothin_5
49	aureothin_6
49	neoaureothin_1
49	neoaureothin_2
49	neoaureothin_3
49	neoaureothin_4
49	neoaureothin_5
50	thailanstatin_3
50	thailanstatin_4
50	FR901464_3
50	FR901464_4
50	FR901464_5
50	FR901464_2_3
50	FR901464_2_4
50	FR901464_2_5
50	spliceostatin_3
50	spliceostatin_4
50	spliceostatin_5
51	actinomycin_1
51	actinomycin_2
51	actinomycin_3
51	actinomycin_4
51	actinomycin_5
51	actinomycin_18
51	actinomycin_19
51	actinomycin_20
51	actinomycin_21
51	actinomycin_22
51	actinomycin_23
52	yersiniabactin_2_5
52	yersiniabactin_2_6
52	yersiniabactin_2_7
52	yersiniabactin_2_8
52	yersiniabactin_2_9
52	yersiniabactin_1
52	yersiniabactin_2
52	yersiniabactin_3
52	yersiniabactin_4
52	yersiniabactin_5
53	curacin_3_1
53	curacin_3_2
53	curacin_3_3
53	curacin_3_4
53	curacin_3_5
53	curacin_2_6
53	curacin_2_7
53	curacin_2_8
53	curacin_2_9
53	curacin_2_10
54	rhodomycin_1
54	rhodomycin_2
54	rhodomycin_3
54	rhodomycin_4
54	rhodomycin_5
54	rhodomycin_6
54	cosmomycin_d_9
54	cosmomycin_d_10
54	cosmomycin_d_11
54	cosmomycin_d_12
55	cyclomarin_2
55	cyclomarin_3
55	cyclomarin_4
55	cyclomarin_5
55	cyclomarin_6
55	cyclomarin_7
55	cyclomarin_8
55	cyclomarin_9
55	cyclomarin_10
55	cyclomarin_11
56	rubivivax_gelatnosus_carotenoid_1
56	rubivivax_gelatnosus_carotenoid_2
56	rubivivax_gelatnosus_carotenoid_3
56	rubivivax_gelatnosus_carotenoid_4
56	rubivivax_gelatnosus_carotenoid_5
56	rubivivax_gelatnosus_carotenoid_6
56	rubivivax_gelatnosus_carotenoid_7
56	rubivivax_gelatnosus_carotenoid_8
56	rubivivax_gelatnosus_carotenoid_11
56	rubivivax_gelatnosus_carotenoid_12
57	napyradiomycin_1
57	merochlorin_1
57	chaxamycin_1
57	furaquinocin_a_8
57	furaquinocin_a_9
57	furaquinocin_a_10
57	furaquinocin_a_11
57	furaquinocin_a_12
57	furaquinocin_a_13
57	napyradiomycin_2_1
58	rubradirin_1
58	rubradirin_3
58	rubradirin_5
58	rubradirin_6
58	rubradirin_7
58	rubradirin_8
58	rubradirin_10
58	rubradirin_12
58	rubradirin_13
58	rubradirin_14
59	tubulysin_15
59	tubulysin_16
59	tubulysin_17
59	tubulysin_18
59	tubulysin_2_15
59	tubulysin_2_16
59	tubulysin_2_17
59	tubulysin_2_18
59	tubulysin_2_19
60	puromycin_1
60	puromycin_2
60	puromycin_3
60	puromycin_4
60	A201A_2_1
60	A201A_2_2
60	A201A_2_3
60	A201A_2_4
60	A201A_2_5
61	kijanimicin_7
61	kijanimicin_8
61	lobophorin_2
61	lobophorin_3
61	lobophorin_4
61	lobophorin_5
61	lobophorin_6
61	lobophorin_7
61	lobophorin_8
62	lymphostin_2_1
62	lymphostin_2_2
62	lymphostin_2_3
62	lymphostin_2_4
62	lymphostin_2_5
62	lymphostin_1
62	lymphostin_2
62	lymphostin_3
62	lymphostin_4
63	liposidomycin_8
63	liposidomycin_9
63	liposidomycin_11
63	liposidomycin_12
63	caprazamycin_8
63	caprazamycin_10
63	A_90289_8
63	A_90289_9
63	A_90289_11
64	o_antigen_5_1
64	o_antigen_5_2
64	o_antigen_5_3
64	o_antigen_5_4
64	o_antigen_2_1
64	o_antigen_2_2
64	o_antigen_2_3
64	o_antigen_2_4
65	staurosporine_2_8
65	staurosporine_1
65	staurosporine_2
65	staurosporine_3
65	staurosporine_4
65	staurosporine_5
65	staurosporine_6
65	staurosporine_7
66	polyketomycin_1
66	dutomycin_2
66	erythromycin_15
66	avilamycin_2
66	erythromycin_2_1
66	lankamycin_1
66	lankamycin_2
66	warkmycin_1
67	nogalamycin_2_1
67	nogalamycin_2_2
67	nogalamycin_2_3
67	nogalamycin_2_4
67	nogalamycin_2_5
67	nogalamycin_2_6
67	nogalamycin_2_7
67	nogalamycin_2_8
68	leupyrrin_13
68	leupyrrin_14
68	leupyrrin_15
68	leupyrrin_16
68	leupyrrin_17
68	leupyrrin_18
68	leupyrrin_19
68	leupyrrin_20
69	tiancimycin_12
69	tiancimycin_13
69	tiancimycin_14
69	tiancimycin_15
69	tiancimycin_16
69	tiancimycin_17
69	tiancimycin_18
69	tiancimycin_19
70	furaquinocin_a_1
70	furaquinocin_a_2
70	furaquinocin_a_3
70	furaquinocin_a_4
70	furaquinocin_a_5
70	furaquinocin_a_6
70	furaquinocin_a_7
71	herboxidiene_1
71	herboxidiene_2
71	herboxidiene_3
71	herboxidiene_4
71	herboxidiene_5
71	herboxidiene_6
71	herboxidiene_7
72	FD_891_1
72	FD_891_2
72	FD_891_3
72	FD_891_4
72	FD_891_5
72	FD_891_6
72	FD_891_7
73	chivosazol_33
73	chivosazol_34
73	chivosazol_35
73	chivosazol_36
73	chivosazol_37
73	chivosazol_38
73	chivosazol_39
74	pyralomicin_1
74	pyralomicin_2
74	pyralomicin_3
74	pyralomicin_4
74	pyralomicin_5
74	pyralomicin_6
74	pyralomicin_7
75	soraphen_2
75	soraphen_3
75	soraphen_4
75	soraphen_5
75	soraphen_6
75	soraphen_7
75	soraphen_8
76	GE2270_3
76	GE2270_4
76	GE2270_5
76	GE2270_2_3
76	GE2270_2_4
76	GE2270_2_5
76	GE2270_2_6
77	mitomycin_1
77	mitomycin_2
77	mitomycin_3
77	mitomycin_4
77	mitomycin_5
77	mitomycin_6
77	mitomycin_7
78	myxovirescin_1
78	myxovirescin_2
78	myxovirescin_3
78	myxovirescin_4
78	myxovirescin_5
78	myxovirescin_6
78	myxovirescin_7
79	micropeptin_k139_8
79	micropeptin_k139_9
79	micropeptin_k139_10
79	micropeptin_k139_11
79	micropeptin_k139_12
79	micropeptin_k139_13
79	micropeptin_k139_14
80	collismycin_5
80	collismycin_6
80	collismycin_7
80	collismycin_8
80	collismycin_9
80	collismycin_10
80	collismycin_11
81	nocathiacin_2_1
81	nocathiacin_2_2
81	nocathiacin_2_3
81	nocathiacin_2_4
81	nocathiacin_2_5
81	nocathiacin_2_6
81	nocathiacin_2_7
82	myxoprincomide_1
82	myxoprincomide_2
82	myxoprincomide_3
82	myxoprincomide_4
82	myxoprincomide_5
82	myxoprincomide_6
82	myxoprincomide_7
83	crocacin_12
83	crocacin_13
83	crocacin_14
83	crocacin_15
83	crocacin_16
83	crocacin_17
83	crocacin_18
84	gephyronic_acid_34
84	gephyronic_acid_35
84	gephyronic_acid_36
84	gephyronic_acid_37
84	gephyronic_acid_38
84	gephyronic_acid_39
84	gephyronic_acid_40
85	rhizopodins_34
85	rhizopodins_35
85	rhizopodins_36
85	rhizopodins_37
85	rhizopodins_38
85	rhizopodins_39
85	rhizopodins_40
86	BE_54017_1
86	BE_54017_2
86	BE_54017_3
86	BE_54017_4
86	BE_54017_5
86	BE_54017_6
86	BE_54017_7
87	rakicidin_1
87	rakicidin_2
87	rakicidin_3
87	rakicidin_4
87	rakicidin_5
87	rakicidin_6
87	rakicidin_7
88	quinolobactin_1
88	quinolobactin_2
88	quinolobactin_3
88	quinolobactin_4
88	quinolobactin_5
88	quinolobactin_6
88	quinolobactin_7
89	spirangien_1
89	spirangien_2
89	spirangien_3
89	spirangien_4
89	spirangien_5
89	spirangien_6
89	spirangien_7
90	K_252a_2_1
90	K_252a_2_2
90	K_252a_2_3
90	K_252a_2_4
90	K_252a_2_5
90	K_252a_2_6
90	K_252a_2_7
91	echosides_1
91	echosides_2
91	echosides_3
91	echosides_4
91	echosides_5
91	echosides_6
91	echosides_7
92	spinosad_17
92	spinosad_18
92	spinosad_19
92	spinosad_20
92	spinosad_21
92	spinosad_22
92	spinosad_23
93	arenimycin_4
93	arenimycin_5
93	arenimycin_6
93	arenimycin_7
93	arenimycin_8
93	arenimycin_9
93	arenimycin_10
94	toxoflavin_1
94	toxoflavin_2
94	toxoflavin_3
94	toxoflavin_4
94	toxoflavin_5
94	toxoflavin_6
94	toxoflavin_7
95	rapamycin_1
95	rapamycin_2
95	rapamycin_3
95	rapamycin_4
95	rapamycin_5
95	rapamycin_6
95	rapamycin_7
96	monensin_1
96	monensin_2
96	monensin_3
96	monensin_4
96	monensin_5
96	monensin_6
96	monensin_7
97	quinocarcin_8
97	quinocarcin_9
97	quinocarcin_10
97	quinocarcin_11
97	quinocarcin_12
97	quinocarcin_13
97	quinocarcin_14
98	AT2433_8
98	AT2433_9
98	AT2433_10
98	AT2433_11
98	AT2433_12
98	AT2433_13
98	AT2433_14
99	lankamycin_3
99	lankamycin_4
99	lankamycin_5
99	lankamycin_6
99	lankamycin_7
99	lankamycin_8
99	lankamycin_9
100	tetronasin_8
100	tetronasin_9
100	tetronasin_10
100	tetronasin_11
100	tetronasin_12
100	tetronasin_13
100	tetronasin_14
101	ravidomycin_1
101	ravidomycin_2
101	ravidomycin_3
101	ravidomycin_4
101	ravidomycin_5
101	ravidomycin_6
101	ravidomycin_7
102	apoptolidin_5
102	apoptolidin_6
102	apoptolidin_7
102	apoptolidin_8
102	apoptolidin_9
102	apoptolidin_10
102	apoptolidin_11
103	SW_163_1
103	SW_163_2
103	SW_163_3
103	SW_163_4
103	SW_163_5
103	SW_163_6
103	SW_163_7
104	pamamycin_1
104	pamamycin_2
104	pamamycin_3
104	pamamycin_4
104	pamamycin_5
104	pamamycin_6
104	pamamycin_7
105	ambruticin_1
105	ambruticin_2
105	ambruticin_3
105	ambruticin_4
105	ambruticin_5
105	ambruticin_6
105	ambruticin_7
106	jerangolid_1
106	jerangolid_2
106	jerangolid_3
106	jerangolid_4
106	jerangolid_5
106	jerangolid_6
106	jerangolid_7
107	chartreusin_1
107	chartreusin_2
107	chartreusin_3
107	chartreusin_4
107	chartreusin_5
107	chartreusin_6
107	chartreusin_7
108	safracin_1
108	safracin_2
108	safracin_3
108	safracin_4
108	safracin_5
108	safracin_6
108	safracin_7
109	resistomcycin_1
109	resistomcycin_2
109	resistomcycin_3
109	resistomcycin_4
109	resistomcycin_5
109	resistomcycin_6
109	resistomcycin_7
110	chivosazol_23
110	chivosazol_24
110	chivosazol_25
110	chivosazol_26
110	chivosazol_27
110	chivosazol_28
110	chivosazol_29
111	physostigmine_8
111	physostigmine_9
111	physostigmine_10
111	physostigmine_11
111	physostigmine_12
111	physostigmine_13
111	physostigmine_14
112	glycopeptidolipid_3_1
112	glycopeptidolipid_3_2
112	glycopeptidolipid_2_1
112	glycopeptidolipid_2_2
112	glycopeptidolipid_2_3
112	glycopeptidolipid_1_1
112	glycopeptidolipid_1_2
113	borregomycin_1
113	borregomycin_2
113	borregomycin_3
113	borregomycin_4
113	borregomycin_5
113	borregomycin_6
113	borregomycin_7
114	calicheamicin_5
114	calicheamicin_6
114	calicheamicin_7
114	calicheamicin_8
114	calicheamicin_9
114	calicheamicin_10
114	calicheamicin_11
115	sodorifen_1
115	sodorifen_2
115	sodorifen_3
115	sodorifen_4
115	sodorifen_5
115	sodorifen_6
115	sodorifen_7
116	malleobactin_1
116	malleobactin_2
116	malleobactin_3
116	malleobactin_4
116	malleobactin_5
116	malleobactin_6
116	malleobactin_7
117	legonaridin_1
117	legonaridin_2
117	legonaridin_3
117	legonaridin_4
117	legonaridin_5
117	legonaridin_6
117	legonaridin_7
118	blasticidin_1
118	blasticidin_2
118	blasticidin_3
118	blasticidin_4
118	blasticidin_5
118	blasticidin_6
118	blasticidin_7
119	spirangien_8
119	spirangien_9
119	spirangien_10
119	spirangien_11
119	spirangien_12
119	spirangien_13
119	spirangien_14
120	dehydrophos_1
120	dehydrophos_2
120	dehydrophos_3
120	dehydrophos_4
120	dehydrophos_5
120	dehydrophos_6
120	dehydrophos_7
121	delta_cadinene_1
121	delta_cadinene_2
121	delta_cadinene_3
121	delta_cadinene_4
121	delta_cadinene_5
121	delta_cadinene_6
121	delta_cadinene_7
122	niddamycin_1
122	niddamycin_2
122	niddamycin_3
122	niddamycin_4
122	niddamycin_5
122	niddamycin_6
122	niddamycin_7
123	arimetamycin_11
123	arimetamycin_12
123	arimetamycin_13
123	arimetamycin_14
123	arimetamycin_15
123	arimetamycin_16
123	arimetamycin_17
124	vicenistatin_1
124	vicenistatin_2
124	vicenistatin_3
124	vicenistatin_4
124	vicenistatin_5
124	vicenistatin_6
124	vicenistatin_7
125	yersiniabactin_2_10
125	yersiniabactin_2_11
125	yersiniabactin_2_12
125	yersiniabactin_2_13
125	yersiniabactin_6
125	yersiniabactin_7
125	yersiniabactin_8
126	rhizopodins_1
126	rhizopodins_2
126	rhizopodins_3
126	rhizopodins_4
126	rhizopodins_5
126	rhizopodins_6
126	rhizopodins_7
127	rhizopodins_14
127	rhizopodins_15
127	rhizopodins_16
127	rhizopodins_17
127	rhizopodins_18
127	rhizopodins_19
127	rhizopodins_20
128	physostigmine_15
128	physostigmine_16
128	physostigmine_17
128	physostigmine_18
128	physostigmine_19
128	physostigmine_20
128	physostigmine_21
129	ajudazol_7
129	ajudazol_8
129	ajudazol_9
129	ajudazol_10
129	ajudazol_11
129	ajudazol_12
129	ajudazol_13
130	incednine_4
130	incednine_5
130	incednine_6
130	incednine_7
130	incednine_8
130	incednine_9
130	incednine_10
131	BE_7585A_1
131	BE_7585A_2
131	BE_7585A_3
131	BE_7585A_4
131	BE_7585A_5
131	BE_7585A_6
131	BE_7585A_7
132	gephyronic_acid_27
132	gephyronic_acid_28
132	gephyronic_acid_29
132	gephyronic_acid_30
132	gephyronic_acid_31
132	gephyronic_acid_32
132	gephyronic_acid_33
133	arixanthomycin_1
133	arixanthomycin_2
133	arixanthomycin_3
133	arixanthomycin_4
133	arixanthomycin_5
133	arixanthomycin_6
133	arixanthomycin_7
134	gephyronic_acid_1
134	gephyronic_acid_2
134	gephyronic_acid_3
134	gephyronic_acid_4
134	gephyronic_acid_5
134	gephyronic_acid_6
134	gephyronic_acid_7
135	phenalinolactone_1
135	phenalinolactone_2
135	phenalinolactone_3
135	phenalinolactone_4
135	phenalinolactone_5
135	phenalinolactone_6
135	phenalinolactone_7
136	uncialamycin_1
136	uncialamycin_2
136	uncialamycin_3
136	uncialamycin_4
136	uncialamycin_5
136	uncialamycin_6
136	uncialamycin_7
137	althiomycin_2_1
137	althiomycin_2_2
137	althiomycin_2_3
137	althiomycin_2_4
137	althiomycin_2_5
137	althiomycin_2_6
137	althiomycin_2_7
138	nucleocidin_1
138	nucleocidin_2
138	nucleocidin_3
138	nucleocidin_4
138	nucleocidin_5
138	nucleocidin_6
138	nucleocidin_7
139	ambruticin_8
139	ambruticin_10
139	ambruticin_11
139	jerangolid_8
139	jerangolid_10
139	jerangolid_11
140	epothilone_2_3
140	epothilone_2_4
140	epothilone_3_4
140	epothilone_4_3
140	epothilone_4_4
140	epothilone_4
141	thiocillin_1
141	thiocillin_2
141	thiocillin_3
141	thiocillin_4
141	thiocillin_5
141	thiocillin_6
142	bryostatin_2_14
142	bryostatin_2_15
142	bryostatin_2_16
142	bryostatin_2_17
142	bryostatin_2_18
142	bryostatin_2_19
143	lipopolysaccharide_3_1
143	lipopolysaccharide_3_2
143	lipopolysaccharide_3_3
143	lipopolysaccharide_3_4
143	lipopolysaccharide_3_5
143	lipopolysaccharide_3_6
144	chondramide_1
144	chondramide_2
144	chondramide_3
144	chondramide_4
144	chondramide_5
144	chondramide_6
145	plantazolicin_1
145	plantazolicin_3
145	plantazolicin_4
145	plantazolicin_5
145	plantazolicin_6
145	plantazolicin_7
146	equibactin_10
146	equibactin_11
146	equibactin_12
146	equibactin_13
146	equibactin_14
146	equibactin_15
147	spinosad_8
147	spinosad_9
147	spinosad_10
147	spinosad_11
147	spinosad_12
147	spinosad_13
148	exopolysaccharide_5_1
148	exopolysaccharide_5_2
148	exopolysaccharide_5_3
148	exopolysaccharide_5_4
148	exopolysaccharide_5_5
148	exopolysaccharide_5_6
149	barbamide_6
149	barbamide_7
149	barbamide_8
149	barbamide_9
149	barbamide_10
149	barbamide_11
150	flexirubin_7
150	flexirubin_8
150	flexirubin_9
150	flexirubin_10
150	flexirubin_11
150	flexirubin_12
151	equibactin_4
151	equibactin_5
151	equibactin_6
151	equibactin_7
151	equibactin_8
151	equibactin_9
152	pristinamycin_1
152	pristinamycin_2
152	pristinamycin_3
152	pristinamycin_4
152	pristinamycin_5
152	pristinamycin_6
153	hassallidins_6
153	hassallidins_7
153	hassallidins_8
153	hassallidins_9
153	hassallidins_10
153	hassallidins_11
154	muraymycin_1
154	muraymycin_2
154	muraymycin_3
154	muraymycin_4
154	muraymycin_5
154	muraymycin_6
155	enacyloxin_6
155	enacyloxin_7
155	enacyloxin_8
155	enacyloxin_9
155	enacyloxin_10
155	enacyloxin_11
156	etnangien_6
156	etnangien_7
156	etnangien_9
156	etnangien_10
156	etnangien_11
156	etnangien_12
157	oxazolomycin_20
157	oxazolomycin_21
157	oxazolomycin_23
157	oxazolomycin_24
157	oxazolomycin_25
157	oxazolomycin_26
158	rhizoxin_1
158	rhizoxin_3
158	rhizoxin_4
158	rhizoxin_5
158	rhizoxin_6
158	rhizoxin_7
159	chlorotonil_1
159	chlorotonil_2
159	chlorotonil_3
159	chlorotonil_4
159	chlorotonil_5
159	chlorotonil_6
160	physostigmine_1
160	physostigmine_2
160	physostigmine_4
160	physostigmine_5
160	physostigmine_6
160	physostigmine_7
161	avilamycin_7
161	avilamycin_8
161	avilamycin_9
161	avilamycin_10
161	avilamycin_11
161	avilamycin_12
162	virginiamycin_1
162	virginiamycin_2
162	virginiamycin_3
162	virginiamycin_4
162	virginiamycin_5
162	virginiamycin_6
163	2_methylisoborneol_3_1
163	2_methylisoborneol_3_2
163	2_methylisoborneol_3_3
163	2_methylisoborneol_3_4
163	2_methylisoborneol_3_5
163	2_methylisoborneol_3_6
164	thailandamide_1
164	thailandamide_2
164	thailandamide_3
164	thailandamide_4
164	thailandamide_5
164	thailandamide_6
165	thaxtomin_1
165	thaxtomin_2
165	thaxtomin_3
165	thaxtomin_4
165	thaxtomin_5
165	thaxtomin_6
166	rhizopodins_41
166	rhizopodins_42
166	rhizopodins_43
166	rhizopodins_44
166	rhizopodins_45
166	rhizopodins_46
167	s_layer_glycan_2_1
167	s_layer_glycan_2_2
167	s_layer_glycan_2_3
167	s_layer_glycan_2_4
167	s_layer_glycan_2_5
167	s_layer_glycan_2_6
168	albicidin_1
168	albicidin_2
168	albicidin_3
168	albicidin_4
168	albicidin_5
168	albicidin_6
169	quinocarcin_1
169	quinocarcin_2
169	quinocarcin_3
169	quinocarcin_4
169	quinocarcin_5
169	quinocarcin_6
170	sibiromycin_8
170	sibiromycin_9
170	sibiromycin_10
170	sibiromycin_11
170	sibiromycin_12
170	sibiromycin_13
171	arimetamycin_1
171	arimetamycin_2
171	arimetamycin_3
171	arimetamycin_4
171	steffimycin_1
171	steffimycin_2
172	reductasporine_1
172	reductasporine_2
172	reductasporine_3
172	reductasporine_4
172	JBIR_76_1
172	JBIR_76_2
173	gephyronic_acid_21
173	gephyronic_acid_22
173	gephyronic_acid_23
173	gephyronic_acid_24
173	gephyronic_acid_25
173	gephyronic_acid_26
174	streptolydigin_1
174	streptolydigin_2
174	streptolydigin_3
174	streptolydigin_4
174	streptolydigin_5
174	streptolydigin_6
175	echinomycin_13
175	echinomycin_15
175	echinomycin_16
175	echinomycin_17
175	echinomycin_18
175	echinomycin_19
176	lipopolysaccharide_3_7
176	lipopolysaccharide_3_8
176	lipopolysaccharide_3_9
176	lipopolysaccharide_3_11
176	lipopolysaccharide_3_12
176	lipopolysaccharide_3_13
177	pyoverdine_2
177	pyoverdine_3
177	pyoverdine_4
177	pyoverdine_5
177	pyoverdine_6
177	pyoverdine_7
178	glivocarcin_1
178	glivocarcin_2
178	glivocarcin_3
178	glivocarcin_4
178	glivocarcin_5
178	glivocarcin_6
179	sporolide_2
179	sporolide_3
179	sporolide_4
179	sporolide_5
179	sporolide_6
179	sporolide_7
180	ajudazol_1
180	ajudazol_2
180	ajudazol_3
180	ajudazol_4
180	ajudazol_5
180	ajudazol_6
181	tambromycin_1
181	tambromycin_2
181	tambromycin_4
181	tambromycin_5
181	tambromycin_6
181	tambromycin_7
182	rhizopodins_8
182	rhizopodins_9
182	rhizopodins_10
182	rhizopodins_11
182	rhizopodins_12
182	rhizopodins_13
183	anthracimycin_2_1
183	anthracimycin_1
183	anthracimycin_2
183	anthracimycin_3
183	anthracimycin_4
183	anthracimycin_5
184	gephyronic_acid_14
184	gephyronic_acid_15
184	gephyronic_acid_16
184	gephyronic_acid_17
184	gephyronic_acid_19
184	gephyronic_acid_20
185	zorbamycin_1
185	zorbamycin_2
185	zorbamycin_3
185	zorbamycin_4
185	zorbamycin_5
185	zorbamycin_6
186	resistomcycin_8
186	resistomcycin_9
186	resistomcycin_10
186	resistomcycin_11
186	resistomcycin_12
186	resistomcycin_13
187	alkyl_o_dihydrogeranyl_methoxyhydroquinones_1
187	alkyl_o_dihydrogeranyl_methoxyhydroquinones_2
187	alkyl_o_dihydrogeranyl_methoxyhydroquinones_3
187	alkyl_o_dihydrogeranyl_methoxyhydroquinones_4
187	alkyl_o_dihydrogeranyl_methoxyhydroquinones_5
187	alkyl_o_dihydrogeranyl_methoxyhydroquinones_6
188	hassallidins_1
188	hassallidins_2
188	hassallidins_3
188	hassallidins_4
188	hassallidins_5
189	o_methylkolavelool_1
189	o_methylkolavelool_2
189	o_methylkolavelool_3
189	o_methylkolavelool_4
189	o_methylkolavelool_5
190	calcimycin_1
190	calcimycin_2
190	calcimycin_3
190	calcimycin_4
190	calcimycin_5
191	thiomarinol_1
191	thiomarinol_2
191	thiomarinol_3
191	thiomarinol_4
191	thiomarinol_5
192	basiliskamides_1
192	basiliskamides_2
192	basiliskamides_3
192	basiliskamides_4
192	basiliskamides_5
193	corallopyronin_1
193	corallopyronin_2
193	corallopyronin_3
193	corallopyronin_4
193	corallopyronin_5
194	barbamide_1
194	barbamide_2
194	barbamide_3
194	barbamide_4
194	barbamide_5
195	elloramycin_1
195	elloramycin_2
195	elloramycin_3
195	elloramycin_4
195	elloramycin_5
196	oxazolomycin_5
196	oxazolomycin_6
196	oxazolomycin_7
196	oxazolomycin_8
196	oxazolomycin_9
197	plantazolicin_2_1
197	plantazolicin_2_2
197	plantazolicin_2_3
197	plantazolicin_2_4
197	plantazolicin_2_5
198	lankacidin_1
198	lankacidin_2
198	lankacidin_3
198	lankacidin_4
198	lankacidin_5
199	bacillaene_1
199	bacillaene_2
199	bacillaene_3
199	bacillaene_4
199	bacillaene_5
200	indolmycin_1
200	indolmycin_2
200	indolmycin_3
200	indolmycin_5
200	indolmycin_7
201	mycolic_acid_11
201	mycolic_acid_12
201	mycolic_acid_13
201	mycolic_acid_14
201	mycolic_acid_15
202	pyridomycin_1
202	pyridomycin_2
202	pyridomycin_3
202	pyridomycin_4
202	pyridomycin_5
203	uncialamycin_8
203	uncialamycin_9
203	uncialamycin_10
203	uncialamycin_11
203	uncialamycin_12
204	chlorotonil_12
204	chlorotonil_13
204	chlorotonil_14
204	chlorotonil_15
204	chlorotonil_16
205	onnamide_1
205	onnamide_2
205	onnamide_3
205	onnamide_4
205	onnamide_5
206	didemnin_1
206	didemnin_2
206	didemnin_3
206	didemnin_4
206	didemnin_5
207	istamycin_1
207	istamycin_2
207	istamycin_3
207	istamycin_4
207	istamycin_5
208	allylmalonyl_coa_1
208	allylmalonyl_coa_2
208	FK520_1
208	FK520_2
208	FK520_3
209	calyculin_16
209	calyculin_17
209	calyculin_18
209	calyculin_19
209	calyculin_20
210	salinamide_4
210	salinamide_5
210	salinamide_6
210	salinamide_7
210	salinamide_8
211	leinamycin_1
211	leinamycin_2
211	leinamycin_3
211	leinamycin_4
211	leinamycin_5
212	tartrolon_1
212	tartrolon_2
212	tartrolon_3
212	tartrolon_4
212	tartrolon_5
213	indolmycin_8
213	indolmycin_10
213	indolmycin_11
213	indolmycin_12
213	indolmycin_13
214	quinolobactin_8
214	quinolobactin_9
214	quinolobactin_10
214	quinolobactin_11
214	quinolobactin_12
215	mannopeptimycin_2
215	mannopeptimycin_3
215	mannopeptimycin_4
215	mannopeptimycin_5
215	mannopeptimycin_6
216	corynazolicin_1
216	corynazolicin_2
216	corynazolicin_3
216	corynazolicin_5
216	corynazolicin_6
217	corallopyronin_6
217	corallopyronin_7
217	corallopyronin_8
217	corallopyronin_9
217	corallopyronin_10
218	scabichelin_5
218	scabichelin_6
218	scabichelin_7
218	scabichelin_8
218	scabichelin_9
219	nocardicin_1
219	nocardicin_2
219	nocardicin_3
219	nocardicin_4
219	nocardicin_5
220	ristomycin_8
220	ristomycin_4
220	ristomycin_5
220	ristomycin_6
220	ristomycin_7
221	A_503083_1
221	A_503083_2
221	A_503083_3
221	A_503083_4
221	A_503083_5
222	phenalinolactone_8
222	phenalinolactone_9
222	phenalinolactone_10
222	phenalinolactone_11
222	phenalinolactone_12
223	amicetin_1
223	amicetin_2
223	amicetin_3
223	amicetin_4
223	amicetin_7
224	pradimicin_2
224	pradimicin_3
224	pradimicin_4
224	pradimicin_5
224	pradimicin_8
225	althiomycin_1
225	althiomycin_2
225	althiomycin_3
225	althiomycin_4
225	althiomycin_5
226	kirromycin_1
226	kirromycin_2
226	kirromycin_3
226	kirromycin_4
226	kirromycin_5
227	skyllamycin_1
227	skyllamycin_3
227	skyllamycin_4
227	skyllamycin_5
228	calicheamicin_19
228	avermectin_1
228	lankamycin_10
228	warkmycin_2
229	phormidolide_2
229	phormidolide_3
229	phormidolide_4
229	phormidolide_5
230	rhizoxin_16
230	rhizoxin_17
230	rhizoxin_18
230	rhizoxin_19
231	bryostatin_2_4
231	bryostatin_2_5
231	bryostatin_2_12
231	bryostatin_2_13
232	JBIR_100_1
232	JBIR_100_2
232	JBIR_100_3
232	JBIR_100_4
233	prodigiosin_4_1
233	prodigiosin_4_2
233	prodigiosin_4_3
233	prodigiosin_4_4
234	oxazolomycin_1
234	oxazolomycin_2
234	oxazolomycin_3
234	oxazolomycin_4
235	tomaymycin_1
235	tomaymycin_2
235	tomaymycin_3
235	tomaymycin_4
236	apoptolidin_12
236	apoptolidin_13
236	apoptolidin_14
236	apoptolidin_15
237	safracin_8
237	safracin_9
237	safracin_10
237	safracin_11
238	GE2270_1
238	GE2270_2
238	GE2270_2_1
238	GE2270_2_2
239	A54145_1
239	A54145_2
239	A54145_3
239	A54145_4
240	stenothricin_1
240	stenothricin_2
240	stenothricin_3
240	stenothricin_4
241	thaxtomin_7
241	thaxtomin_8
241	thaxtomin_9
241	thaxtomin_10
242	diaphorin_1
242	diaphorin_2
242	diaphorin_3
242	diaphorin_4
243	maduropeptin_13
243	maduropeptin_14
243	maduropeptin_15
243	maduropeptin_16
244	sibiromycin_1
244	sibiromycin_2
244	sibiromycin_3
244	sibiromycin_4
245	thailandamide_18
245	thailandamide_19
245	thailandamide_20
245	thailandamide_21
246	yersiniabactin_2_1
246	yersiniabactin_2_2
246	yersiniabactin_2_3
246	yersiniabactin_2_4
247	micacocidin_12
247	micacocidin_13
247	micacocidin_14
247	micacocidin_15
248	K_252a_2_8
248	K_252a_2_9
248	k_252a_1
248	k_252a_2
249	calyculin_3
249	calyculin_5
249	calyculin_7
249	calyculin_8
250	thiomarinol_6
250	thiomarinol_7
250	thiomarinol_8
250	thiomarinol_9
251	t-muurolol_2
251	t-muurolol_3
251	t-muurolol_4
251	t-muurolol_5
252	nannocystin_1
252	nannocystin_2
252	nannocystin_4
252	nannocystin_5
253	micacocidin_8
253	micacocidin_9
253	micacocidin_10
253	micacocidin_11
254	pacidamycin_2
254	pacidamycin_4
254	napsamycin_1
254	napsamycin_2
255	avilamycin_3
255	avilamycin_4
255	avilamycin_5
255	avilamycin_6
256	grisemycin_1
256	grisemycin_2
256	grisemycin_3
256	grisemycin_5
257	coelibactin_1
257	coelibactin_2
257	coelibactin_3
257	coelibactin_6
258	kiamycin_1
258	kiamycin_2
258	kiamycin_3
258	kiamycin_7
259	AT2433_15
259	AT2433_17
259	AT2433_18
259	AT2433_21
260	micacocidin_1
260	micacocidin_2
260	micacocidin_3
260	micacocidin_4
261	glycopeptidolipid_3_4
261	glycopeptidolipid_2_5
261	glycopeptidolipid_1_4
262	polytheonamides_1
262	polytheonamides_2
262	polytheonamides_3
263	calyculin_21
263	calyculin_22
263	calyculin_23
264	streptomycin_2_1
264	streptomycin_2_2
264	streptomycin_2_3
265	tiancimycin_9
265	tiancimycin_10
265	tiancimycin_11
266	ansamitocin_1
266	ansamitocin_2
266	ansamitocin_3
267	rhizopodins_26
267	rhizopodins_27
267	rhizopodins_28
268	retimycin_1
268	retimycin_2
268	retimycin_3
269	incednine_13
269	incednine_14
269	incednine_15
270	arenimycin_1
270	arenimycin_2
270	arenimycin_3
271	salinamide_1
271	salinamide_2
271	salinamide_3
272	2_methylisoborneol_1
272	2_methylisoborneol_2
272	2_methylisoborneol_3
273	cremeomycin_1
273	cremeomycin_2
273	cremeomycin_3
274	dactylocycline_3
274	dactylocycline_4
274	dactylocycline_5
275	microsclerodermins_2_1
275	microsclerodermins_2_2
275	microsclerodermins_2_3
276	methylarcyriarubin_1
276	methylarcyriarubin_2
276	methylarcyriarubin_3
277	cervnimycin_1
277	A_74528_1
277	A_74528_2
278	pheganomycin_1
278	pheganomycin_2
278	pheganomycin_3
279	chivosazol_30
279	chivosazol_31
279	chivosazol_32
280	WS9326_1
280	WS9326_2
280	WS9326_3
281	prodigiosin_3_1
281	prodigiosin_3_2
281	prodigiosin_2_1
282	gellan_polysaccharide_1
282	gellan_polysaccharide_2
282	gellan_polysaccharide_3
283	kiamycin_8
283	hatomarubigin_1
283	hatomarubigin_2
284	s_layer_glycan_1
284	s_layer_glycan_2
284	s_layer_glycan_3
285	telomycin_1
285	telomycin_2
285	telomycin_3
286	safracin_12
286	safracin_13
286	safracin_14
287	rhizoxin_13
287	rhizoxin_14
287	rhizoxin_15
288	SF2575_1
288	SF2575_2
288	SF2575_3
289	BE_54017_15
289	BE_54017_16
289	BE_54017_17
290	incednine_1
290	incednine_2
290	incednine_3
291	erdasporine_1
291	erdasporine_2
291	erdasporine_3
292	FD_594_4
292	FD_594_5
292	FD_594_7
293	microcin_c7_1
293	microcin_c7_2
293	microcin_c7_6
294	JBIR_34_3
294	JBIR_34_4
294	JBIR_34_5
295	apramycin_2
295	apramycin_3
296	cereulide_1
296	cereulide_2
297	taxlllaid_1
297	taxlllaid_2
298	pactamycin_2_3
298	pactamycin_3
299	avilamycin_13
299	avilamycin_14
300	xantholipin_2
300	xantholipin_3
301	azinomycin_b_1
301	azinomycin_b_2
302	arixanthomycin_9
302	arixanthomycin_10
303	pyochelin_1
303	pyochelin_2
304	enterocin_1
304	enterocin_2
305	cryptophycin_5
305	cryptophycin_6
306	lazarimide_1
306	lazarimide_2
307	lomaiviticin_1
307	lomaiviticin_2
308	hitachimycin_1
308	hitachimycin_3
309	ravidomycin_8
309	ravidomycin_9
310	herboxidiene_8
310	herboxidiene_9
311	calcium_dependent_antibiotic_1
311	calcium_dependent_antibiotic_2
312	daptomycin_1
312	daptomycin_2
313	nucleocidin_8
313	nucleocidin_9
314	bryostatin_3
314	bryostatin_2_1
315	JBIR_34_7
315	JBIR_34_8
316	A54145_5
316	A54145_6
317	lysolipin_1
317	lysolipin_2
318	shinorine_1
318	shinorine_2
319	3_methylarginine_1
319	3_methylarginine_2
320	coelibactin_7
320	coelibactin_8
321	oxazolomycin_10
321	oxazolomycin_11
322	kendomycin_1
322	kendomycin_2
323	isorenieratene_5
323	carotenoid_16_7
